trust_in_ai,ai_reliability,n,eff_delta_mean,eff_delta_se,eff_delta_sd,eff_delta_ci_low,eff_delta_ci_high,share_positive,defect_delta_mean,defect_delta_se,trust_calibration_mean,trust_calibration_se,trust_gap
0.3,0.3,40,1.1119,0.6164,3.8495,-0.0963,2.3201,0.675,-3.1702,1.2042,93.933,0.6589,0.0
0.3,0.35,40,1.0021,0.587,3.6658,-0.1484,2.1526,0.675,-2.948,1.158,95.735,0.5009,-0.05
0.3,0.4,40,1.103,0.5225,3.2632,0.0789,2.1272,0.65,-2.8924,1.1636,95.616,0.5625,-0.1
0.3,0.45,40,0.7216,0.5199,3.2469,-0.2974,1.7407,0.6,-2.5903,1.159,93.159,0.6732,-0.15
0.3,0.5,40,0.7657,0.555,3.4661,-0.3221,1.8536,0.6,-2.125,1.4057,89.897,0.7954,-0.2
0.3,0.55,40,0.9642,0.615,3.8407,-0.2412,2.1696,0.6,-1.8646,1.4964,86.127,0.8147,-0.25
0.3,0.6,40,0.8401,0.5621,3.5103,-0.2616,1.9418,0.65,-1.4931,1.3364,82.296,0.8147,-0.3
0.3,0.65,40,0.6593,0.6115,3.8188,-0.5392,1.8578,0.625,-1.0104,1.3844,78.466,0.8147,-0.35
0.3,0.7,40,0.6328,0.6376,3.9816,-0.6168,1.8824,0.625,-0.2257,1.3837,74.635,0.8147,-0.4
0.3,0.75,40,0.8036,0.6496,4.0565,-0.4695,2.0768,0.55,-1.1458,1.4718,70.805,0.8146,-0.45
0.3,0.8,40,0.743,0.6414,4.0055,-0.5142,2.0001,0.55,-1.8924,1.6458,66.975,0.8147,-0.5
0.3,0.85,40,0.7473,0.5985,3.7375,-0.4258,1.9203,0.525,-1.7986,1.4658,63.145,0.8147,-0.55
0.3,0.9,40,0.9625,0.5646,3.5261,-0.1441,2.0692,0.525,-1.9063,1.4029,59.314,0.8147,-0.6
0.3,0.95,40,1.2036,0.6018,3.758,0.0241,2.383,0.6,-1.9062,1.156,55.484,0.8147,-0.65
0.35,0.3,40,1.1415,0.6172,3.8545,-0.0682,2.3512,0.625,-2.8404,1.2194,90.735,0.7645,0.05
0.35,0.35,40,1.0335,0.6396,3.9942,-0.2201,2.2871,0.65,-2.4549,1.2519,93.93,0.6592,0.0
0.35,0.4,40,1.1911,0.6262,3.9103,-0.0362,2.4183,0.625,-3.0418,1.2273,95.699,0.5014,-0.05
0.35,0.45,40,0.769,0.5912,3.692,-0.3897,1.9278,0.625,-3.323,1.1111,95.581,0.5689,-0.1
0.35,0.5,40,0.7127,0.5373,3.3553,-0.3403,1.7658,0.55,-2.0035,1.1432,93.123,0.6805,-0.15
0.35,0.55,40,0.9559,0.5441,3.3979,-0.1106,2.0223,0.625,-1.441,1.2816,89.861,0.8021,-0.2
0.35,0.6,40,1.2518,0.6143,3.836,0.0478,2.4557,0.625,-1.7986,1.5042,86.091,0.8213,-0.25
0.35,0.65,40,0.9935,0.5904,3.6868,-0.1636,2.1506,0.65,-1.6216,1.255,82.261,0.8214,-0.3
0.35,0.7,40,0.4814,0.6242,3.8981,-0.742,1.7048,0.575,-1.5173,1.3352,78.43,0.8213,-0.35
0.35,0.75,40,0.6808,0.6632,4.1419,-0.6191,1.9807,0.575,-1.4653,1.4248,74.6,0.8213,-0.4
0.35,0.8,40,0.7308,0.6787,4.2386,-0.5995,2.0611,0.55,-2.0312,1.4351,70.77,0.8213,-0.45
0.35,0.85,40,0.817,0.5961,3.7228,-0.3514,1.9854,0.575,-1.1632,1.4973,66.939,0.8213,-0.5
0.35,0.9,40,0.791,0.552,3.4473,-0.2909,1.8729,0.525,-1.0799,1.4858,63.109,0.8213,-0.55
0.35,0.95,40,1.0927,0.6068,3.7895,-0.0966,2.2821,0.575,-1.9097,1.2468,59.279,0.8213,-0.6
0.4,0.3,40,0.7097,0.6284,3.9246,-0.522,1.9415,0.6,-2.2884,1.2108,87.116,0.8265,0.1
0.4,0.35,40,1.3578,0.6025,3.7629,0.1768,2.5387,0.65,-2.4411,1.2469,90.753,0.7697,0.05
0.4,0.4,40,0.8259,0.6044,3.7747,-0.3588,2.0106,0.6,-2.0105,1.2097,93.911,0.6573,0.0
0.4,0.45,40,1.4259,0.6563,4.0984,0.1396,2.7121,0.625,-3.125,1.2579,95.68,0.5043,-0.05
0.4,0.5,40,0.9362,0.6166,3.8505,-0.2723,2.1447,0.65,-3.4515,1.1764,95.561,0.5747,-0.1
0.4,0.55,40,0.7017,0.5438,3.396,-0.3642,1.7675,0.575,-1.7778,1.1334,93.104,0.6863,-0.15
0.4,0.6,40,0.8982,0.5534,3.4562,-0.1865,1.9829,0.6,-1.1806,1.4286,89.842,0.8074,-0.2
0.4,0.65,40,1.201,0.5862,3.6606,0.0521,2.3499,0.625,-1.4619,1.5911,86.072,0.8265,-0.25
0.4,0.7,40,0.9794,0.5725,3.5753,-0.1427,2.1015,0.65,-1.7396,1.3209,82.241,0.8266,-0.3
0.4,0.75,40,0.9165,0.6276,3.9192,-0.3136,2.1465,0.6,-1.4271,1.3847,78.411,0.8265,-0.35
0.4,0.8,40,0.6098,0.6824,4.2615,-0.7277,1.9472,0.5,-1.4652,1.5162,74.581,0.8265,-0.4
0.4,0.85,40,0.7887,0.6345,3.9626,-0.455,2.0323,0.525,-2.0348,1.6795,70.75,0.8265,-0.45
0.4,0.9,40,0.8944,0.5847,3.6517,-0.2517,2.0405,0.575,-1.684,1.628,66.92,0.8265,-0.5
0.4,0.95,40,1.1507,0.6173,3.855,-0.0592,2.3606,0.575,-1.757,1.2082,63.09,0.8265,-0.55
0.45,0.3,40,0.1025,0.6832,4.2667,-1.2366,1.4416,0.5,-2.6252,1.3771,83.297,0.8298,0.15
0.45,0.35,40,0.9052,0.6104,3.8118,-0.2912,2.1015,0.675,-2.5002,1.2011,87.127,0.8297,0.1
0.45,0.4,40,1.1693,0.6065,3.7876,-0.0194,2.358,0.65,-2.4585,1.2639,90.742,0.7663,0.05
0.45,0.45,40,0.8468,0.5895,3.6813,-0.3086,2.0022,0.575,-1.7328,1.2422,93.899,0.6564,0.0
0.45,0.5,40,1.6247,0.7093,4.4293,0.2346,3.0149,0.625,-2.684,1.2903,95.668,0.5064,-0.05
0.45,0.55,40,0.9032,0.5941,3.7099,-0.2611,2.0676,0.675,-3.1632,1.2084,95.55,0.5783,-0.1
0.45,0.6,40,0.6169,0.557,3.4784,-0.4748,1.7086,0.55,-1.8299,1.2026,93.093,0.6899,-0.15
0.45,0.65,40,1.1467,0.5232,3.2677,0.1212,2.1723,0.675,-0.8646,1.4727,89.831,0.8107,-0.2
0.45,0.7,40,1.2726,0.6105,3.8127,0.076,2.4692,0.65,-2.2535,1.5344,86.061,0.8298,-0.25
0.45,0.75,40,1.163,0.5643,3.5242,0.0569,2.269,0.65,-2.1945,1.3205,82.23,0.8298,-0.3
0.45,0.8,40,0.889,0.6439,4.021,-0.373,2.151,0.575,-2.1215,1.3927,78.4,0.8298,-0.35
0.45,0.85,40,0.6838,0.6588,4.1143,-0.6075,1.9751,0.525,-2.2535,1.6863,74.569,0.8298,-0.4
0.45,0.9,40,0.8631,0.6167,3.8511,-0.3455,2.0718,0.6,-1.5972,1.4911,70.739,0.8298,-0.45
0.45,0.95,40,1.243,0.6219,3.884,0.024,2.462,0.6,-1.7674,1.2411,66.909,0.8298,-0.5
0.5,0.3,40,0.5147,0.6488,4.0521,-0.7571,1.7864,0.55,-3.5973,1.2118,79.467,0.8298,0.2
0.5,0.35,40,0.0536,0.6518,4.0702,-1.2238,1.331,0.5,-2.6772,1.3398,83.297,0.8298,0.15
0.5,0.4,40,0.4424,0.6311,3.9411,-0.7945,1.6794,0.65,-1.962,1.3307,87.127,0.8297,0.1
0.5,0.45,40,1.2511,0.6264,3.9119,0.0234,2.4789,0.675,-1.83,1.3438,90.742,0.7663,0.05
0.5,0.5,40,1.1,0.6875,4.2933,-0.2475,2.4474,0.55,-2.0348,1.3673,93.899,0.6564,0.0
0.5,0.55,40,1.682,0.6938,4.3327,0.3222,3.0418,0.65,-3.2708,1.3709,95.668,0.5064,-0.05
0.5,0.6,40,1.1961,0.6163,3.8491,-0.0119,2.4041,0.675,-3.3577,1.1893,95.55,0.5783,-0.1
0.5,0.65,40,0.6452,0.5579,3.4842,-0.4483,1.7388,0.575,-0.5938,1.3375,93.093,0.6899,-0.15
0.5,0.7,40,1.2558,0.5721,3.5731,0.1344,2.3772,0.675,-1.7396,1.5505,89.831,0.8107,-0.2
0.5,0.75,40,1.4711,0.5904,3.6871,0.3139,2.6283,0.7,-2.3438,1.5649,86.061,0.8298,-0.25
0.5,0.8,40,1.1108,0.5728,3.5771,-0.0119,2.2335,0.6,-2.8264,1.4228,82.23,0.8298,-0.3
0.5,0.85,40,0.9231,0.6875,4.2936,-0.4244,2.2707,0.55,-2.8958,1.652,78.4,0.8298,-0.35
0.5,0.9,40,0.8688,0.633,3.9533,-0.3719,2.1096,0.575,-2.4271,1.3854,74.569,0.8298,-0.4
0.5,0.95,40,1.2988,0.6283,3.924,0.0672,2.5303,0.6,-2.007,1.292,70.739,0.8298,-0.45
0.55,0.3,40,0.3638,0.6931,4.3284,-0.9946,1.7223,0.575,-2.7986,1.1739,75.636,0.8298,0.25
0.55,0.35,40,0.996,0.6608,4.1267,-0.2992,2.2912,0.575,-2.6181,1.332,79.467,0.8298,0.2
0.55,0.4,40,-0.1085,0.656,4.0969,-1.3943,1.1773,0.475,-1.8542,1.4326,83.297,0.8298,0.15
0.55,0.45,40,0.5376,0.6566,4.1005,-0.7493,1.8246,0.65,-2.0557,1.4213,87.127,0.8297,0.1
0.55,0.5,40,1.3107,0.6918,4.3204,-0.0452,2.6667,0.625,-2.1077,1.3989,90.742,0.7663,0.05
0.55,0.55,40,1.3668,0.6743,4.2112,0.0452,2.6885,0.6,-2.7015,1.3674,93.899,0.6564,0.0
0.55,0.6,40,1.4636,0.6845,4.2748,0.1219,2.8053,0.675,-3.4514,1.3615,95.668,0.5064,-0.05
0.55,0.65,40,0.9788,0.5852,3.6546,-0.1682,2.1258,0.6,-2.1146,1.2088,95.55,0.5783,-0.1
0.55,0.7,40,1.1201,0.5895,3.6814,-0.0353,2.2755,0.675,-0.6562,1.4614,93.093,0.6899,-0.15
0.55,0.75,40,1.5046,0.5811,3.6287,0.3657,2.6435,0.7,-1.7153,1.4639,89.831,0.8107,-0.2
0.55,0.8,40,1.8568,0.5706,3.5636,0.7384,2.9753,0.75,-3.4376,1.4494,86.061,0.8298,-0.25
0.55,0.85,40,1.3598,0.6121,3.8228,0.16,2.5596,0.65,-2.7361,1.448,82.23,0.8298,-0.3
0.55,0.9,40,1.219,0.6437,4.0201,-0.0427,2.4807,0.6,-2.7639,1.4279,78.4,0.8298,-0.35
0.55,0.95,40,1.1708,0.5946,3.7133,0.0054,2.3363,0.625,-2.5625,1.2442,74.569,0.8298,-0.4
0.6,0.3,40,0.3096,0.6854,4.2802,-1.0338,1.653,0.55,-3.0452,1.1389,71.806,0.8298,0.3
0.6,0.35,40,0.5162,0.6996,4.3689,-0.855,1.8874,0.525,-2.7361,1.3636,75.636,0.8298,0.25
0.6,0.4,40,1.0353,0.6675,4.1685,-0.273,2.3436,0.575,-2.7223,1.3688,79.467,0.8298,0.2
0.6,0.45,40,0.0787,0.6806,4.2502,-1.2553,1.4126,0.5,-1.5418,1.3638,83.297,0.8298,0.15
0.6,0.5,40,0.7302,0.7053,4.4043,-0.6521,2.1125,0.625,-1.566,1.4801,87.127,0.8297,0.1
0.6,0.55,40,1.1993,0.6615,4.1311,-0.0973,2.4959,0.65,-1.5904,1.4215,90.742,0.7663,0.05
0.6,0.6,40,1.6544,0.7019,4.3833,0.2787,3.0301,0.625,-3.3646,1.3051,93.899,0.6564,0.0
0.6,0.65,40,1.4082,0.6133,3.8302,0.2061,2.6104,0.675,-2.8368,1.2974,95.668,0.5064,-0.05
0.6,0.7,40,1.0032,0.6153,3.8424,-0.2027,2.2091,0.6,-1.9896,1.2962,95.55,0.5783,-0.1
0.6,0.75,40,1.6477,0.6004,3.7495,0.4709,2.8245,0.75,-1.4722,1.3934,93.093,0.6899,-0.15
0.6,0.8,40,1.7586,0.585,3.6536,0.6119,2.9053,0.725,-2.1007,1.5611,89.831,0.8107,-0.2
0.6,0.85,40,1.8582,0.5959,3.7215,0.6902,3.0262,0.725,-4.0209,1.4755,86.061,0.8298,-0.25
0.6,0.9,40,1.3086,0.6193,3.8676,0.0948,2.5225,0.575,-2.3334,1.5072,82.23,0.8298,-0.3
0.6,0.95,40,1.1435,0.5694,3.5559,0.0275,2.2595,0.65,-2.7778,1.2249,78.4,0.8298,-0.35
0.65,0.3,40,0.4949,0.7218,4.5074,-0.9197,1.9096,0.5,-2.309,1.2668,67.996,0.8294,0.35
0.65,0.35,40,0.6078,0.6334,3.9557,-0.6337,1.8493,0.6,-2.4583,1.1774,71.827,0.8294,0.3
0.65,0.4,40,0.7337,0.6975,4.3559,-0.6334,2.1008,0.575,-2.8368,1.3766,75.657,0.8294,0.25
0.65,0.45,40,0.7382,0.6818,4.2577,-0.598,2.0745,0.55,-2.6737,1.35,79.487,0.8294,0.2
0.65,0.5,40,0.4039,0.6949,4.3399,-0.9582,1.766,0.55,-1.323,1.4147,83.317,0.8294,0.15
0.65,0.55,40,1.2018,0.6708,4.1891,-0.1129,2.5166,0.65,-1.5174,1.4218,87.148,0.8293,0.1
0.65,0.6,40,1.2968,0.6581,4.1096,0.007,2.5866,0.6,-1.8681,1.4637,90.742,0.7597,0.05
0.65,0.65,40,1.6879,0.6113,3.8175,0.4898,2.886,0.7,-2.9306,1.4033,93.9,0.6517,0.0
0.65,0.7,40,1.1832,0.5941,3.7104,0.0187,2.3477,0.65,-1.9479,1.2849,95.669,0.5044,-0.05
0.65,0.75,40,1.6528,0.6077,3.7948,0.4618,2.8438,0.7,-1.7952,1.4659,95.55,0.5801,-0.1
0.65,0.8,40,1.6376,0.6483,4.0486,0.3669,2.9082,0.7,-1.5104,1.5234,93.093,0.6944,-0.15
0.65,0.85,40,1.8978,0.5797,3.6204,0.7615,3.0341,0.7,-2.9341,1.3783,89.825,0.8151,-0.2
0.65,0.9,40,1.7476,0.6456,4.032,0.4822,3.0131,0.675,-3.3508,1.5733,86.04,0.8294,-0.25
0.65,0.95,40,1.2256,0.5668,3.5397,0.1147,2.3366,0.65,-2.205,1.2766,82.209,0.8294,-0.3
0.7,0.3,40,-0.1292,0.6719,4.1958,-1.446,1.1877,0.5,-1.0139,1.3344,64.282,0.8169,0.4
0.7,0.35,40,0.6777,0.7084,4.4238,-0.7107,2.0661,0.525,-1.7117,1.2756,68.113,0.8169,0.35
0.7,0.4,40,0.6609,0.6512,4.0666,-0.6154,1.9372,0.55,-2.5868,1.1567,71.943,0.8168,0.3
0.7,0.45,40,0.9132,0.6951,4.3408,-0.4491,2.2756,0.6,-4.0416,1.4295,75.773,0.8169,0.25
0.7,0.5,40,0.4361,0.6366,3.9754,-0.8116,1.6838,0.5,-2.066,1.328,79.604,0.8169,0.2
0.7,0.55,40,0.542,0.7029,4.3894,-0.8356,1.9196,0.6,-1.6841,1.3613,83.434,0.8169,0.15
0.7,0.6,40,1.131,0.6671,4.166,-0.1765,2.4385,0.65,-1.2431,1.4901,87.264,0.8168,0.1
0.7,0.65,40,1.4773,0.7066,4.4127,0.0924,2.8622,0.625,-3.3195,1.3072,90.82,0.7348,0.05
0.7,0.7,40,1.3953,0.6247,3.9015,0.1708,2.6198,0.7,-2.2952,1.1704,93.978,0.6306,0.0
0.7,0.75,40,1.3352,0.5539,3.459,0.2495,2.4208,0.7,-1.566,1.3531,95.737,0.4908,-0.05
0.7,0.8,40,1.6516,0.6362,3.9731,0.4046,2.8985,0.675,-1.9757,1.3695,95.556,0.5765,-0.1
0.7,0.85,40,1.9505,0.6078,3.7958,0.7592,3.1418,0.625,-3.4132,1.387,93.092,0.7066,-0.15
0.7,0.9,40,1.9094,0.6681,4.1726,0.5999,3.219,0.65,-3.1945,1.5713,89.747,0.8146,-0.2
0.7,0.95,40,1.7139,0.6161,3.8473,0.5064,2.9214,0.7,-2.3855,1.2629,85.923,0.8169,-0.25
0.75,0.3,40,0.0253,0.6464,4.0367,-1.2416,1.2922,0.6,-1.6666,1.4054,60.76,0.7857,0.45
0.75,0.35,40,-0.1244,0.7026,4.3876,-1.5015,1.2527,0.475,-0.7812,1.4452,64.591,0.7857,0.4
0.75,0.4,40,0.6011,0.6824,4.2616,-0.7364,1.9386,0.525,-1.0416,1.2925,68.421,0.7857,0.35
0.75,0.45,40,0.8353,0.6988,4.3642,-0.5344,2.2049,0.625,-2.5278,1.265,72.252,0.7857,0.3
0.75,0.5,40,1.2053,0.7302,4.56,-0.2259,2.6364,0.55,-3.5243,1.432,76.081,0.7857,0.25
0.75,0.55,40,0.4861,0.6864,4.2868,-0.8593,1.8315,0.55,-1.8681,1.2526,79.912,0.7857,0.2
0.75,0.6,40,1.0722,0.6751,4.216,-0.251,2.3954,0.65,-1.2883,1.3447,83.742,0.7857,0.15
0.75,0.65,40,1.2093,0.6887,4.3012,-0.1407,2.5592,0.6,-1.6529,1.4754,87.573,0.7856,0.1
0.75,0.7,40,1.4132,0.6534,4.0808,0.1325,2.694,0.7,-1.5625,1.4519,91.09,0.6905,0.05
0.75,0.75,40,1.2114,0.5833,3.6427,0.0681,2.3546,0.65,-1.4722,1.2967,94.248,0.5929,0.0
0.75,0.8,40,2.1496,0.6247,3.9013,0.9251,3.374,0.75,-2.7084,1.2793,95.968,0.4722,-0.05
0.75,0.85,40,2.0184,0.6059,3.7837,0.8309,3.2059,0.65,-4.3403,1.4187,95.561,0.5716,-0.1
0.75,0.9,40,1.5328,0.62,3.872,0.3175,2.748,0.575,-3.882,1.6305,92.976,0.7154,-0.15
0.75,0.95,40,1.967,0.6093,3.805,0.7728,3.1612,0.675,-2.9202,1.5207,89.445,0.7857,-0.2
0.8,0.3,40,0.1202,0.6419,4.0088,-1.138,1.3784,0.55,-1.1388,1.3639,57.512,0.7391,0.5
0.8,0.35,40,-0.0269,0.6871,4.2908,-1.3736,1.3198,0.625,-1.7117,1.5285,61.342,0.7392,0.45
0.8,0.4,40,-0.2013,0.7297,4.5571,-1.6315,1.229,0.45,-0.552,1.5179,65.172,0.7392,0.4
0.8,0.45,40,0.7866,0.6842,4.2729,-0.5544,2.1277,0.55,-1.2569,1.314,69.003,0.7391,0.35
0.8,0.5,40,1.1974,0.7039,4.3956,-0.1822,2.577,0.625,-2.7501,1.541,72.833,0.7391,0.3
0.8,0.55,40,0.6698,0.6655,4.1557,-0.6345,1.9741,0.45,-3.6805,1.4421,76.663,0.7391,0.25
0.8,0.6,40,0.9035,0.6307,3.9389,-0.3327,2.1398,0.575,-2.0036,1.351,80.494,0.7391,0.2
0.8,0.65,40,1.1235,0.6342,3.9604,-0.1194,2.3665,0.6,-1.6008,1.4939,84.324,0.7392,0.15
0.8,0.7,40,1.2997,0.626,3.9091,0.0728,2.5266,0.65,-2.507,1.4732,88.154,0.7391,0.1
0.8,0.75,40,0.9854,0.6018,3.7582,-0.1941,2.1649,0.625,-2.2917,1.2915,91.598,0.6193,0.05
0.8,0.8,40,1.6831,0.6428,4.0146,0.4231,2.9431,0.675,-2.257,1.3142,94.755,0.5386,0.0
0.8,0.85,40,1.7813,0.6483,4.0485,0.5107,3.0519,0.625,-3.6285,1.4466,96.362,0.4586,-0.05
0.8,0.9,40,1.7819,0.5936,3.7069,0.6185,2.9453,0.625,-4.0556,1.6209,95.482,0.5769,-0.1
0.8,0.95,40,1.9494,0.5927,3.7012,0.7877,3.111,0.65,-3.125,1.5502,92.595,0.7133,-0.15
0.85,0.3,40,-0.0504,0.5853,3.6555,-1.1976,1.0969,0.525,-0.1877,1.3458,54.758,0.6636,0.55
0.85,0.35,40,0.356,0.635,3.9654,-0.8886,1.6005,0.575,-0.8646,1.4507,58.588,0.6636,0.5
0.85,0.4,40,-0.369,0.691,4.315,-1.7232,0.9853,0.475,-0.486,1.5392,62.419,0.6636,0.45
0.85,0.45,40,0.6135,0.6739,4.2086,-0.7074,1.9344,0.475,-0.3992,1.3616,66.249,0.6636,0.4
0.85,0.5,40,0.9502,0.7035,4.3935,-0.4287,2.3291,0.575,-0.9723,1.3941,70.08,0.6636,0.35
0.85,0.55,40,1.3489,0.7081,4.4222,-0.039,2.7368,0.575,-3.0833,1.5276,73.91,0.6636,0.3
0.85,0.6,40,1.3603,0.6778,4.2328,0.0319,2.6888,0.575,-2.0556,1.3603,77.74,0.6636,0.25
0.85,0.65,40,1.2331,0.5901,3.6851,0.0765,2.3896,0.6,-1.4723,1.3158,81.57,0.6636,0.2
0.85,0.7,40,1.5687,0.6323,3.9488,0.3293,2.808,0.675,-1.5973,1.2621,85.401,0.6636,0.15
0.85,0.75,40,1.4101,0.6346,3.9632,0.1662,2.6539,0.7,-1.0105,1.3391,89.225,0.6609,0.1
0.85,0.8,40,1.8601,0.6194,3.8684,0.646,3.0742,0.725,-1.9862,1.4312,92.598,0.5197,0.05
0.85,0.85,40,2.1007,0.6649,4.1521,0.7976,3.4038,0.675,-3.7085,1.4175,95.712,0.4655,0.0
0.85,0.9,40,2.0693,0.6406,4.0004,0.8138,3.3248,0.625,-4.125,1.511,96.755,0.4287,-0.05
0.85,0.95,40,2.3901,0.6118,3.8209,1.1909,3.5893,0.7,-3.2604,1.4728,95.084,0.5933,-0.1
0.9,0.3,40,-0.4831,0.725,4.5274,-1.904,0.9379,0.575,-0.7709,1.2938,52.484,0.5747,0.6
0.9,0.35,40,-0.8606,0.6749,4.2147,-2.1834,0.4622,0.45,-0.507,1.1472,56.314,0.5747,0.55
0.9,0.4,40,-0.3998,0.6559,4.0959,-1.6853,0.8857,0.475,-0.9756,1.2485,60.145,0.5747,0.5
0.9,0.45,40,-0.1435,0.7203,4.4985,-1.5554,1.2684,0.5,-0.4721,1.4614,63.975,0.5747,0.45
0.9,0.5,40,0.4522,0.6542,4.0858,-0.8301,1.7345,0.525,-0.6007,1.2565,67.805,0.5747,0.4
0.9,0.55,40,1.7362,0.6864,4.2865,0.3908,3.0815,0.625,-1.9827,1.5713,71.636,0.5746,0.35
0.9,0.6,40,1.2786,0.6467,4.0387,0.011,2.5461,0.55,-3.3784,1.3793,75.466,0.5747,0.3
0.9,0.65,40,1.2823,0.5835,3.6438,0.1387,2.4259,0.65,-2.6424,1.308,79.296,0.5747,0.25
0.9,0.7,40,2.0514,0.5578,3.4833,0.9582,3.1447,0.725,-2.6702,1.1918,83.127,0.5746,0.2
0.9,0.75,40,1.5171,0.6357,3.97,0.2711,2.7631,0.65,-0.9931,1.2716,86.957,0.5747,0.15
0.9,0.8,40,1.6415,0.6056,3.7819,0.4545,2.8285,0.725,-1.2951,1.4156,90.743,0.5559,0.1
0.9,0.85,40,1.8526,0.647,4.0407,0.5844,3.1208,0.675,-3.0071,1.4269,94.061,0.4106,0.05
0.9,0.9,40,1.9222,0.6379,3.9834,0.672,3.1724,0.625,-3.6216,1.4498,96.885,0.3784,0.0
0.9,0.95,40,2.4532,0.5959,3.7214,1.2853,3.6212,0.725,-3.2778,1.4373,96.814,0.4506,-0.05
0.95,0.3,40,-0.0469,0.6389,3.9896,-1.299,1.2053,0.6,-1.3437,1.1697,50.715,0.4857,0.65
0.95,0.35,40,-0.4288,0.6288,3.9267,-1.6612,0.8036,0.45,-0.6077,1.164,54.545,0.4857,0.6
0.95,0.4,40,-0.0647,0.6368,3.9767,-1.3128,1.1834,0.5,-1.8194,1.2586,58.375,0.4857,0.55
0.95,0.45,40,-0.2489,0.6801,4.2475,-1.582,1.0842,0.425,-1.1492,1.37,62.206,0.4857,0.5
0.95,0.5,40,-0.073,0.6664,4.1618,-1.3792,1.2332,0.425,-0.427,1.36,66.036,0.4857,0.45
0.95,0.55,40,1.2347,0.7629,4.7643,-0.2606,2.7299,0.575,-2.4896,1.4018,69.866,0.4857,0.4
0.95,0.6,40,1.6009,0.6788,4.2388,0.2705,2.9312,0.55,-3.0591,1.4302,73.696,0.4857,0.35
0.95,0.65,40,1.1666,0.6382,3.9858,-0.0843,2.4176,0.65,-2.5209,1.3488,77.527,0.4857,0.3
0.95,0.7,40,1.7684,0.6217,3.8827,0.5498,2.987,0.65,-1.8021,1.3438,81.357,0.4857,0.25
0.95,0.75,40,1.4707,0.6083,3.7986,0.2785,2.6629,0.65,-0.9618,1.34,85.188,0.4857,0.2
0.95,0.8,40,1.694,0.6044,3.7744,0.5094,2.8786,0.7,-1.0729,1.4593,89.018,0.4857,0.15
0.95,0.85,40,2.0172,0.6608,4.1266,0.722,3.3123,0.7,-2.6667,1.4273,92.728,0.4374,0.1
0.95,0.9,40,2.063,0.6515,4.0687,0.786,3.34,0.65,-3.625,1.4957,95.927,0.3057,0.05
0.95,0.95,40,2.3814,0.5799,3.6216,1.2447,3.518,0.725,-3.434,1.481,97.784,0.3415,0.0
