seed,eff_with,eff_without,eff_delta,defect_with,defect_without,defect_delta,velocity_delta,completion_delta,ai_benefit,trust_calibration
42,79.32625,77.54750000000001,1.778749999999988,14.375,11.25,3.125,0.5,4.583750000000009,54.7,96.05875
43,72.15125,78.64750000000001,-6.496250000000003,14.5825,21.666249999999998,-7.083749999999998,-6.75,-18.125,55.625,98.325
44,74.69625,73.5,1.1962500000000063,6.25,22.291249999999998,-16.041249999999998,0.375,-4.166249999999991,55.86625,98.34125
45,78.39875,72.80625,5.592500000000001,9.375,9.16625,0.2087500000000002,5.5,8.75,55.03375,95.7225
46,72.78875,74.41499999999999,-1.6262499999999989,11.4575,25.833750000000002,-14.376250000000002,-3.0,-8.332499999999996,56.3925,100.0
47,79.4025,72.84125,6.561250000000001,9.375,6.25,3.125,6.875,15.625,56.48125,96.8
48,76.58000000000001,72.55250000000001,4.027500000000003,26.875,26.25,0.625,4.5,6.1299999999999955,56.4375,99.49625
49,78.19375,74.4125,3.78125,15.0,24.375,-9.375,0.125,3.541249999999991,53.223749999999995,93.62875
50,76.09625,72.425,3.6712500000000006,23.333750000000002,15.625,7.708750000000002,5.0,11.041249999999991,51.59375,90.39375
51,78.115,75.5725,2.5424999999999898,2.5,16.4575,-13.9575,-0.25,-2.916249999999991,51.6575,90.67375
52,76.86250000000001,73.99875,2.8637500000000102,17.708750000000002,17.5,0.208750000000002,0.75,5.625,55.68375,97.51875
53,77.48875,80.405,-2.916250000000005,13.54125,16.875,-3.33375,-4.875,-8.155000000000001,56.66374999999999,99.99
54,77.58375000000001,78.19,-0.6062499999999886,9.79125,12.91625,-3.125,-0.625,-3.125,55.0175,98.56625
55,76.65,75.02875,1.6212500000000034,14.99875,20.625,-5.626250000000001,1.25,-0.625,57.2825,99.785
56,83.215,80.655,2.5600000000000023,0.0,11.66625,-11.66625,2.125,2.5,56.605000000000004,96.91375
57,75.2125,72.19375,3.0187500000000114,22.291249999999998,25.0,-2.708750000000002,4.125,3.5112499999999898,53.91375,94.4125
58,79.30375000000001,75.29625,4.007500000000007,20.8325,26.041249999999998,-5.208749999999998,2.75,2.5,56.167500000000004,97.74624999999999
59,75.07499999999999,71.66125,3.413749999999993,15.625,30.625,-15.0,0.125,3.125,52.87125,91.93
60,80.50874999999999,76.11875,4.389999999999986,9.375,13.75,-4.375,3.5,7.202499999999986,53.91375,94.49625
61,78.21000000000001,75.47749999999999,2.732500000000016,2.5,11.875,-9.375,0.0,1.25,58.38250000000001,99.58875
62,82.36875,73.5475,8.821250000000006,12.91625,22.7075,-9.79125,7.0,15.0,55.65875,95.22749999999999
63,76.3,73.65875,2.6412499999999994,13.33375,11.4575,1.8762500000000006,1.75,5.625,56.72,98.2925
64,78.7525,75.60125,3.1512500000000045,13.54125,13.75,-0.2087500000000002,2.0,7.5,55.95875,97.435
65,79.94875,72.09375,7.855000000000004,6.66625,18.74875,-12.082500000000001,8.25,12.291249999999991,58.14125,99.6975
66,78.2925,75.53625,2.7562500000000085,11.875,16.6675,-4.7925,1.5,3.75,54.24125,95.3825
67,72.22875,75.22749999999999,-2.998749999999987,3.125,13.3325,-10.2075,-4.0,-11.25,55.754999999999995,96.26124999999999
68,79.91125,77.70750000000001,2.203749999999985,0.0,10.625,-10.625,0.0,0.8337500000000091,56.365,98.6375
69,82.8775,76.83,6.047499999999999,8.125,18.75,-10.625,3.375,8.75,57.98125,99.69
70,80.83625,72.7125,8.123750000000001,5.20875,16.875,-11.66625,7.625,13.333750000000009,56.2875,97.45125
71,78.41874999999999,72.01375,6.404999999999987,0.0,16.666249999999998,-16.666249999999998,3.75,10.833750000000009,57.11875,99.50625
72,80.79875,67.9675,12.831249999999997,8.75,16.666249999999998,-7.916249999999998,11.0,23.541249999999998,56.230000000000004,96.99875
73,78.48875,72.70875,5.780000000000001,5.625,11.4575,-5.8325,4.375,10.625,56.1875,97.2125
74,81.27,80.23625,1.0337499999999977,10.83375,12.5,-1.6662499999999998,2.5,-0.625,57.82000000000001,99.66499999999999
75,78.98125,73.73875,5.242500000000007,11.4575,11.4575,0.0,4.75,10.625,55.508750000000006,97.04249999999999
76,75.6875,75.59625,0.09125000000000227,12.29125,20.208750000000002,-7.917500000000002,-1.75,-2.291249999999991,56.815,99.64375
77,72.86875,75.39375000000001,-2.5250000000000057,20.208750000000002,27.916249999999998,-7.707499999999996,-4.5,-7.976249999999993,50.7,89.96000000000001
78,79.97125,74.7425,5.228749999999991,21.875,21.25,0.625,3.375,12.620000000000005,54.427499999999995,95.735
79,82.495,78.1275,4.367500000000007,8.125,31.25,-23.125,2.375,1.4887500000000102,55.48625,96.10249999999999
80,74.07125,71.94625,2.125,26.458750000000002,15.625,10.833750000000002,4.0,6.546250000000001,55.197500000000005,96.22999999999999
81,73.82125,71.54124999999999,2.2800000000000153,16.6675,12.49875,4.168750000000001,0.375,5.208750000000009,58.113749999999996,99.45249999999999
82,80.4625,73.77000000000001,6.6924999999999955,23.958750000000002,7.29125,16.667500000000004,9.25,18.75,56.64,98.42124999999999
83,71.5875,68.58,3.0075000000000074,21.666249999999998,33.57125,-11.905000000000001,1.5,2.083750000000009,54.53,94.2375
84,79.99,74.7475,5.242499999999993,15.41625,28.958750000000002,-13.542500000000002,6.125,6.25,56.1625,98.3675
85,75.46875,74.75375,0.7150000000000034,2.5,25.416249999999998,-22.916249999999998,-1.75,-7.5,56.349999999999994,99.0975
86,74.775,76.86875,-2.09375,21.37,5.625,15.745000000000001,-0.125,0.8337500000000091,56.4525,98.75375
87,79.1575,83.84875,-4.691249999999997,8.125,22.619999999999997,-14.494999999999997,-9.25,-15.713750000000005,55.4825,96.3125
88,72.13,75.6175,-3.4875000000000114,30.208750000000002,30.03,0.17875000000000085,-5.125,-8.75,54.332499999999996,94.55375000000001
89,78.44624999999999,76.41375000000001,2.0324999999999847,12.5,17.7075,-5.2075,0.375,1.875,54.81375,95.095
90,79.91624999999999,70.9975,8.918749999999989,19.583750000000002,31.25,-11.666249999999998,5.5,15.207499999999996,55.8725,97.15375
91,77.65375,75.42,2.2337500000000006,19.791249999999998,22.7075,-2.9162500000000016,0.375,3.75,56.44375,98.31
92,74.355,74.26875,0.08625000000000682,15.625,21.87375,-6.248750000000001,-1.375,-0.625,56.75375,98.11625000000001
93,83.3275,79.0725,4.2549999999999955,10.83375,8.125,2.70875,5.625,7.5,57.894999999999996,98.58375
94,72.34,69.37875,2.961250000000007,9.375,7.29125,2.08375,3.125,5.625,55.5175,96.13625
95,78.14125,81.80125000000001,-3.660000000000011,16.875,9.16625,7.70875,-0.875,-6.7862499999999955,56.01875,97.07875
96,82.4375,74.16375000000001,8.273749999999993,8.75,29.37375,-20.62375,4.875,12.083750000000009,56.7975,99.16499999999999
97,77.43875,74.31125,3.1274999999999977,6.25,23.958750000000002,-17.708750000000002,1.5,0.625,54.5175,94.25625
98,81.74875,71.9975,9.751249999999999,10.41625,28.541249999999998,-18.125,4.75,15.0,56.620000000000005,97.90125
99,75.45,72.6125,2.8375000000000057,10.8325,12.5,-1.6675000000000004,1.125,6.041249999999991,56.45125,96.79875
100,80.22375,72.98249999999999,7.241250000000008,23.125,24.375,-1.25,6.625,15.0,56.2825,98.1
101,77.91625,75.83250000000001,2.083749999999995,13.125,25.625,-12.5,-1.125,-0.18000000000000682,57.48625,97.6325
102,70.5875,68.535,2.052500000000009,23.957499999999996,30.416249999999998,-6.458750000000002,1.375,0.4162499999999909,54.89625,97.375
103,79.78,74.8,4.980000000000004,14.375,11.4575,2.9175000000000004,5.75,12.5,57.17125,96.90125
104,78.26875000000001,70.5275,7.741250000000008,3.125,23.9575,-20.8325,4.5,9.583750000000009,56.102500000000006,96.7075
105,78.39874999999999,77.77125000000001,0.6274999999999835,8.75,9.375,-0.625,1.5,-1.875,55.006249999999994,95.65125
106,77.25125,71.91749999999999,5.333750000000009,18.75,19.791249999999998,-1.041249999999998,4.75,10.832499999999982,54.58125,95.67375
107,68.90125,71.86375,-2.9624999999999915,15.625,22.916249999999998,-7.291249999999998,-4.125,-7.707499999999996,55.040000000000006,98.11875
108,76.36625,76.11500000000001,0.25124999999998465,8.125,9.79125,-1.6662499999999998,-2.5,0.2087500000000091,57.71375,98.97125
109,75.65125,74.58875,1.0625,27.291249999999998,26.458750000000002,0.832499999999996,2.25,2.5,56.27625,97.89249999999998
110,82.575,79.86875,2.706249999999997,11.25,17.916249999999998,-6.666249999999998,2.25,2.2325000000000017,56.620000000000005,98.0875
111,77.20875,77.94625,-0.7375000000000114,15.0,17.916249999999998,-2.916249999999998,-2.5,-4.166249999999991,56.005,97.67625
112,74.54249999999999,65.55375000000001,8.988749999999982,21.875,6.25,15.625,9.375,23.75,56.692499999999995,99.40375
113,77.29249999999999,76.65,0.6424999999999841,9.79125,9.79125,0.0,1.875,2.5,56.655,98.34375
114,75.41125,77.7625,-2.3512500000000074,15.41625,8.125,7.29125,-0.5,-6.041249999999991,52.94,92.15
115,77.11375000000001,75.85625,1.2575000000000074,17.5,23.541249999999998,-6.041249999999998,-0.125,0.8337500000000091,54.63375,94.89625000000001
116,80.84125,73.51125,7.329999999999998,8.33375,26.4575,-18.12375,3.25,9.821249999999992,57.2975,98.1425
117,79.83624999999999,80.9025,-1.0662500000000108,13.5425,9.375,4.1675,0.125,-2.5,55.94,97.49125000000001
118,81.6125,78.6425,2.969999999999999,6.25,3.125,3.125,3.5,7.5,54.27875,95.06375
119,78.60125,74.39500000000001,4.206249999999983,2.5,17.7075,-15.2075,1.25,2.291249999999991,55.756249999999994,97.41499999999999
120,71.07249999999999,73.75375,-2.6812500000000057,21.875,18.75,3.125,-3.75,-6.875,52.605000000000004,92.78125
121,79.21125,76.48374999999999,2.7275000000000205,2.5,15.62375,-13.12375,0.125,-0.625,58.81,99.47874999999999
122,79.21875,76.83500000000001,2.383749999999992,24.375,18.541249999999998,5.833750000000002,0.875,5.625,54.463750000000005,95.125
123,77.435,70.41125,7.023750000000007,3.125,10.41625,-7.29125,3.625,11.875,57.0125,98.1225
124,75.08250000000001,72.50125,2.5812500000000114,15.0,21.87375,-6.873750000000001,0.625,0.625,57.545,98.51249999999999
125,76.49125,72.06875,4.422499999999999,20.8325,26.875,-6.0425,4.0,7.292500000000004,54.67625,95.89999999999999
126,81.63499999999999,72.17,9.46499999999999,0.0,8.125,-8.125,8.125,15.416249999999991,57.21125,97.9975
127,77.27125000000001,76.745,0.5262500000000045,11.25,28.3325,-17.0825,-2.0,-3.332499999999996,56.47,98.66125
128,72.79374999999999,73.37625,-0.5825000000000102,21.665,27.082499999999996,-5.417499999999997,-2.0,-3.125,56.84125,97.93125
129,77.65625,76.71,0.9462500000000063,20.625,23.75,-3.125,-1.0,2.083750000000009,57.786249999999995,98.94375
130,72.60125,78.88875,-6.2875000000000085,37.5,9.79125,27.708750000000002,-5.125,-4.582499999999996,56.595,98.13
131,81.08125,72.5875,8.493749999999991,12.29125,27.083750000000002,-14.792500000000002,6.75,13.75,55.46875,96.03875
132,67.7125,68.80749999999999,-1.0949999999999847,20.8325,22.916249999999998,-2.0837499999999984,-1.125,-3.75,54.54625,95.41
133,75.52625,71.42750000000001,4.0987499999999955,20.625,21.041249999999998,-0.416249999999998,3.375,11.042500000000004,56.56875000000001,97.75999999999999
134,76.745,69.33000000000001,7.414999999999992,6.25,20.833750000000002,-14.583750000000002,5.125,11.041249999999998,58.019999999999996,99.805
135,76.06125,71.225,4.836250000000007,12.49875,27.916249999999998,-15.417499999999999,3.125,7.083750000000009,56.61,97.29124999999999
136,73.31,72.0875,1.2224999999999966,15.625,19.5825,-3.9574999999999996,1.625,1.0425000000000182,57.89,99.8475
137,79.58125,76.60874999999999,2.972500000000011,24.791249999999998,14.375,10.416249999999998,2.625,7.916249999999991,57.91875,99.55875
138,79.91499999999999,78.62125,1.2937499999999886,4.16625,7.29125,-3.125,1.875,2.916249999999991,57.12625,99.47
139,75.69874999999999,74.33,1.3687499999999915,10.41625,33.332499999999996,-22.916249999999998,-2.25,-5.416249999999991,56.25750000000001,98.59375
140,76.48875,80.2175,-3.728750000000005,8.125,9.16625,-1.0412499999999998,-3.5,-8.125,52.93875,95.25625
141,82.51124999999999,75.71875,6.79249999999999,8.75,26.875,-18.125,4.375,8.125,56.11875,97.40124999999999
142,77.07499999999999,76.35,0.7249999999999943,18.125,11.66625,6.45875,1.0,3.541249999999991,57.212500000000006,98.7125
143,72.1525,73.76124999999999,-1.6087499999999864,26.457499999999996,23.9575,2.4999999999999964,-0.125,-2.8575000000000017,56.47,99.3125
144,75.94125,73.2875,2.6537500000000023,11.25,18.541249999999998,-7.291249999999998,0.125,3.751250000000013,52.05375,92.19
145,76.64750000000001,75.3475,1.3000000000000114,22.916249999999998,12.5,10.416249999999998,1.125,5.208750000000009,53.1275,92.4425
146,78.54499999999999,77.2675,1.2774999999999892,19.791249999999998,18.75,1.041249999999998,0.625,2.292500000000018,54.988749999999996,96.23875
147,76.0675,71.92625,4.141249999999999,25.0,30.207499999999996,-5.207499999999996,0.875,6.875,52.05499999999999,91.24249999999999
148,78.79625,72.88499999999999,5.91125000000001,6.25,21.25,-15.0,3.125,8.75,53.98125,92.775
149,79.2925,72.66375,6.628750000000011,4.16625,19.791249999999998,-15.624999999999998,4.75,8.333750000000009,56.47,98.1075
150,74.6875,75.71000000000001,-1.022500000000008,12.91625,10.41625,2.5,-1.125,-1.875,54.800000000000004,96.13
151,80.68375,68.20125,12.482500000000002,3.125,31.25,-28.125,9.25,17.5,55.92875,96.8375
152,76.39750000000001,74.60125,1.7962500000000148,16.666249999999998,16.666249999999998,0.0,3.5,4.166249999999991,54.27,93.91
153,78.90625,78.29749999999999,0.6087500000000148,16.875,30.833750000000002,-13.958750000000002,-0.125,-3.333750000000009,52.47,91.8875
154,79.24,78.51125,0.7287499999999909,13.9575,5.0,8.9575,0.375,5.0,56.355000000000004,96.87875
155,69.62625,69.04124999999999,0.585000000000008,12.5,22.916249999999998,-10.416249999999998,-0.125,-4.375,50.225,89.47625
156,76.23124999999999,79.79125,-3.5600000000000165,15.0,18.75,-3.75,-5.125,-8.75,57.05625,98.0875
157,77.36625000000001,72.2175,5.148750000000007,10.41625,25.416249999999998,-14.999999999999998,2.25,6.25,47.55875,84.55
158,77.9025,76.185,1.7175000000000011,26.25,22.916249999999998,3.333750000000002,3.625,3.125,54.37625,95.02250000000001
159,78.22749999999999,74.7625,3.464999999999989,11.25,20.208750000000002,-8.958750000000002,2.75,4.791249999999991,58.855000000000004,99.92375
160,74.31875,68.50625,5.8125,15.62375,6.25,9.37375,6.375,15.625,56.6775,99.4075
161,78.78625,70.90625,7.8799999999999955,7.08375,13.75,-6.66625,9.5,14.582500000000003,56.42375,99.43875
162,71.32124999999999,72.70750000000001,-1.3862500000000182,17.7075,31.25,-13.5425,-3.375,-6.875,57.68625,98.47375
163,76.2925,79.03625,-2.7437499999999915,4.16625,12.5,-8.33375,-4.75,-8.75,54.3775,95.81
164,79.45249999999999,69.77875,9.673749999999984,18.541249999999998,23.75,-5.208750000000002,9.625,17.91624999999999,53.40875,93.39750000000001
165,80.71625,82.07,-1.353749999999991,8.75,7.5,1.25,-2.5,-3.303750000000008,54.17125,93.55250000000001
166,74.265,76.225,-1.9599999999999937,22.083750000000002,14.58375,7.500000000000002,-1.625,-2.0250000000000057,56.803749999999994,99.16624999999999
167,76.92,71.765,5.155000000000001,25.0,12.5,12.5,8.0,12.291249999999991,55.33,96.12625
168,74.76875000000001,73.21374999999999,1.555000000000021,16.666249999999998,28.332499999999996,-11.666249999999998,1.0,-1.25,56.03625,98.16875
169,77.61875,77.04875,0.5700000000000074,6.66625,0.0,6.66625,3.125,2.5,56.332499999999996,98.22625
170,77.90875,77.5875,0.32124999999999204,14.58375,14.375,0.2087500000000002,-1.25,-0.8337500000000091,53.88375,95.79875
171,78.57875,75.03125,3.5474999999999994,15.0,18.75,-3.75,3.75,6.875,55.151250000000005,96.725
172,78.64125,72.355,6.2862499999999955,17.916249999999998,24.375,-6.458750000000002,6.25,12.5,55.16375,94.405
173,73.55375,74.26374999999999,-0.7099999999999937,4.16625,14.58375,-10.4175,-0.875,-6.25,55.136250000000004,95.97874999999999
174,75.4425,73.6125,1.8299999999999983,24.375,27.5,-3.125,0.875,1.25,55.905,98.42625000000001
175,77.325,83.10874999999999,-5.7837499999999835,15.41625,13.33375,2.0824999999999996,-6.625,-13.512500000000017,57.13125,99.33625
176,78.3175,75.63875,2.6787499999999937,24.791249999999998,23.125,1.666249999999998,4.125,5.5049999999999955,54.81125,96.24375
177,74.97625000000001,70.11500000000001,4.861249999999998,24.166249999999998,46.66625,-22.5,1.625,3.362499999999983,54.515,95.7575
178,75.4575,76.175,-0.7175000000000011,22.083750000000002,33.54125,-11.457499999999996,-3.75,-5.71374999999999,55.85,97.27125000000001
179,76.72749999999999,74.295,2.4324999999999903,12.5,22.29,-9.79,2.375,1.458750000000009,55.89125,96.4575
180,75.07374999999999,76.02875,-0.9550000000000125,27.291249999999998,31.25,-3.958750000000002,-0.625,-2.292500000000018,56.2625,97.91375
181,78.0675,71.16749999999999,6.900000000000006,16.041249999999998,37.5,-21.458750000000002,4.25,8.75,54.036249999999995,93.985
182,78.6075,75.39750000000001,3.2099999999999937,17.5,15.83375,1.6662499999999998,2.5,5.655000000000001,57.334999999999994,99.53625000000001
183,82.105,82.75999999999999,-0.6549999999999869,13.33375,16.25,-2.91625,-3.375,-2.5,52.7975,93.1525
184,84.31375,76.2425,8.071249999999992,7.5,25.535,-18.035,6.625,12.439999999999998,56.67875000000001,97.9025
185,77.035,77.1625,-0.12749999999999773,12.5,17.5,-5.0,-0.625,-4.166250000000005,56.905,98.97625
186,78.53875,68.78625,9.752499999999998,16.25,23.958750000000002,-7.708750000000002,8.75,18.332499999999996,51.2025,88.6
187,77.08375,75.785,1.2987499999999983,17.5,26.458750000000002,-8.958750000000002,0.375,0.4162500000000051,54.20375,95.055
188,71.4825,70.51875000000001,0.9637499999999903,4.16625,12.91625,-8.75,0.125,-1.875,55.8275,99.505
189,80.09375,77.34375,2.75,11.25,19.375,-8.125,2.75,1.25,57.06875,98.525
190,75.05125,73.27625,1.7749999999999915,6.66625,10.625,-3.95875,1.375,2.083750000000009,53.238749999999996,92.84
191,68.08875,71.00999999999999,-2.9212499999999864,17.7075,22.916249999999998,-5.208749999999998,-3.875,-8.125,53.72125,94.3775
192,78.50125,77.9325,0.5687499999999943,14.99875,8.3325,6.66625,0.25,3.125,55.76625,97.12124999999999
193,76.5925,78.115,-1.5224999999999937,12.5,14.79125,-2.29125,-2.75,-5.0,57.5925,98.505
194,83.87625,74.99249999999999,8.883750000000006,8.75,12.91625,-4.16625,9.375,15.0,51.32375,91.82125
195,84.03125,80.78125,3.25,4.16625,6.25,-2.08375,3.5,6.25,58.79625,99.27000000000001
196,79.33125000000001,72.81875,6.512500000000017,15.625,22.291249999999998,-6.666249999999998,2.625,12.708750000000009,57.335,98.56625
197,76.54875,74.13875,2.4099999999999966,8.3325,12.29125,-3.95875,1.75,3.125,53.5775,92.16875
198,76.4725,71.27875,5.193749999999994,13.75,28.12375,-14.373750000000001,3.0,7.291249999999991,55.31,98.44624999999999
199,76.72749999999999,74.0375,2.6899999999999977,8.125,14.99875,-6.873749999999999,2.25,3.75,57.00625,99.04374999999999
200,76.8725,77.06,-0.1875,8.33375,17.708750000000002,-9.375000000000002,-3.375,-3.75,52.6275,93.51625000000001
201,75.37875,68.8225,6.5562499999999915,16.90625,25.416249999999998,-8.509999999999998,7.0,12.32125,53.57,95.04124999999999
202,76.5,73.68625,2.813749999999999,13.125,17.5,-4.375,0.5,4.107500000000016,56.32125,98.2825
203,80.16,81.41624999999999,-1.2562499999999943,17.708750000000002,10.0,7.708750000000002,-0.5,0.7737500000000068,55.49625,96.33
204,79.97749999999999,70.2225,9.754999999999995,5.625,31.248749999999998,-25.623749999999998,8.625,13.333750000000009,55.677499999999995,95.655
205,79.1825,75.2025,3.980000000000004,15.8325,13.54125,2.29125,2.875,8.75,54.253750000000004,95.55125
206,76.35875,67.12750000000001,9.231249999999989,8.3325,29.375,-21.0425,4.5,15.207499999999996,56.3525,97.2775
207,70.85125,74.63874999999999,-3.7874999999999943,22.291249999999998,19.791249999999998,2.5,-2.875,-7.916250000000005,56.48125,98.055
208,80.7675,75.21375,5.553749999999994,8.75,22.708750000000002,-13.958750000000002,3.625,6.25,55.6225,96.29999999999998
209,75.46125,74.28999999999999,1.1712500000000148,22.291249999999998,26.666249999999998,-4.375,0.375,0.625,50.9925,89.88374999999999
210,74.28875,68.3925,5.896249999999995,7.29125,15.625,-8.33375,3.25,11.041249999999998,52.96000000000001,92.5325
211,81.3375,77.26249999999999,4.075000000000017,8.75,13.95875,-5.20875,1.875,6.667500000000004,54.8825,95.20124999999999
212,77.9075,73.1525,4.7549999999999955,16.666249999999998,12.5,4.166249999999998,6.125,9.375,56.9525,99.0675
213,77.2225,68.18125,9.041249999999991,7.29125,23.333750000000002,-16.042500000000004,5.25,10.833750000000002,53.587500000000006,93.3575
214,77.03375,73.94749999999999,3.086250000000007,11.875,15.41625,-3.54125,1.875,6.043750000000017,56.9375,98.99
215,72.88374999999999,74.9425,-2.0587500000000034,14.5825,22.0825,-7.5,-2.625,-8.125,55.2875,97.425
216,67.7875,78.2675,-10.480000000000004,6.25,14.16625,-7.91625,-12.375,-26.457499999999996,54.915,98.03375
217,76.67375,69.3275,7.346249999999998,16.666249999999998,19.791249999999998,-3.125,5.25,15.0,57.08375,98.4375
218,77.25125,74.4725,2.7787500000000023,18.75,21.666249999999998,-2.916249999999998,1.25,3.958750000000009,56.66125,97.87
219,70.25125,76.4375,-6.186250000000001,27.082499999999996,19.791249999999998,7.291249999999998,-3.5,-13.75,55.2425,96.05125000000001
220,77.0375,75.02125000000001,2.016249999999985,21.041249999999998,21.666249999999998,-0.625,2.375,5.0,53.72875,93.27625
221,69.36625,72.16624999999999,-2.799999999999997,18.75,16.25,2.5,-2.0,-5.625,55.41125,97.91624999999999
222,78.3925,78.86375,-0.4712499999999977,16.875,18.9575,-2.0824999999999996,-0.375,-1.25,56.25875,97.21375
223,77.465,75.04375,2.4212500000000006,12.5,15.625,-3.125,-0.625,1.875,51.7275,90.78125
224,73.91125000000001,73.54625,0.3650000000000091,14.375,22.291249999999998,-7.916249999999998,1.375,-2.916249999999991,53.9325,94.82624999999999
225,78.61,75.615,2.9950000000000045,9.16625,10.41625,-1.25,1.875,5.625,54.90375,96.83375000000001
226,75.16,81.28375,-6.123750000000001,11.25,21.875,-10.625,-8.5,-17.08375000000001,54.792500000000004,94.7475
227,79.65125,70.38374999999999,9.267500000000013,21.041249999999998,22.916249999999998,-1.875,5.75,20.0,56.25,99.51375
228,77.3125,75.05125,2.261250000000004,16.041249999999998,15.625,0.416249999999998,1.375,3.125,54.87625,95.8775
229,75.94875,70.94,5.008750000000006,17.916249999999998,12.49875,5.417499999999999,5.875,13.751250000000006,57.41625,99.62
230,78.77,76.98875,1.78125,17.0825,22.5,-5.4175,0.0,1.458750000000009,52.795,92.975
231,77.50375,68.79625,8.707499999999996,13.54125,34.37375,-20.832500000000003,4.375,11.25,54.70625,94.82624999999999
232,81.575,72.0875,9.487499999999997,12.29125,20.833750000000002,-8.542500000000002,7.875,17.707499999999982,55.56375,97.55
233,76.3025,79.05375000000001,-2.751250000000013,15.625,7.29125,8.33375,-3.5,-1.873749999999987,56.743750000000006,98.9675
234,76.58125000000001,68.875,7.706250000000011,17.083750000000002,19.166249999999998,-2.082499999999996,7.375,13.124999999999993,53.58125,91.69
235,75.67625000000001,70.58500000000001,5.091250000000002,12.91625,18.541249999999998,-5.624999999999998,4.0,7.916249999999991,52.70875,92.43
236,83.51125,77.20875,6.302500000000009,12.5,19.791249999999998,-7.291249999999998,3.875,10.0,55.052499999999995,95.33125
237,79.8175,79.095,0.7224999999999966,17.5,32.24625,-14.746250000000003,-1.75,-4.16749999999999,55.89375,96.33375
238,71.2425,75.41749999999999,-4.174999999999983,0.0,11.4575,-11.4575,-7.5,-14.791249999999991,52.265,92.38
239,75.22625,74.22125,1.0049999999999955,26.25,21.87375,4.376249999999999,2.125,3.957499999999982,54.325,95.07499999999999
240,78.85,73.30250000000001,5.547499999999985,11.875,10.41625,1.4587500000000002,6.25,11.875,57.825,98.56625
241,81.89750000000001,80.2875,1.6100000000000136,21.041249999999998,15.41625,5.624999999999998,2.625,5.416249999999991,54.9575,95.53375
